{"cameraMode":{"drawMode":0,"name":"Shaded","section":"Shading Mode"},"sceneLighting":true,"audioPlay":false,"sceneViewState":{"showFog":true,"showMaterialUpdate":false,"showSkybox":true,"showFlares":true,"showImageEffects":true,"showParticleSystems":true},"in2DMode":false,"pivot":{"x":0.6999999284744263,"y":0.5300000309944153,"z":100.0},"rotation":{"x":0.04143214598298073,"y":-0.37370577454566958,"z":-0.016712354496121408,"w":-0.9264727234840393},"size":2.359143018722534,"orthographic":true}